{
  "name": "lstm_validation_full",
  "checkpoint": "outputs\\checkpoints_FILE01_16_FULL_lstm\\sequence_model.pt",
  "npz": "team_handover_outputs\\VALIDATION_MVP_FULL\\mediapipe_npz_VALIDATION_MVP_FULL.npz",
  "samples": 150,
  "accuracy": 0.6266666666666667,
  "model_labels": [
    "가다",
    "감사",
    "괜찮다",
    "배고프다",
    "병원",
    "아프다",
    "우유",
    "자다"
  ],
  "npz_labels": [
    "가다",
    "감사",
    "괜찮다",
    "배고프다",
    "병원",
    "아프다",
    "우유",
    "자다"
  ],
  "classification_report": {
    "가다": {
      "precision": 0.58,
      "recall": 0.725,
      "f1-score": 0.6444444444444445,
      "support": 40.0
    },
    "감사": {
      "precision": 0.625,
      "recall": 0.5,
      "f1-score": 0.5555555555555556,
      "support": 10.0
    },
    "괜찮다": {
      "precision": 0.42857142857142855,
      "recall": 0.3,
      "f1-score": 0.3529411764705882,
      "support": 10.0
    },
    "배고프다": {
      "precision": 0.6470588235294118,
      "recall": 0.55,
      "f1-score": 0.5945945945945946,
      "support": 20.0
    },
    "병원": {
      "precision": 0.45454545454545453,
      "recall": 1.0,
      "f1-score": 0.625,
      "support": 10.0
    },
    "아프다": {
      "precision": 1.0,
      "recall": 0.7,
      "f1-score": 0.8235294117647058,
      "support": 10.0
    },
    "우유": {
      "precision": 0.7272727272727273,
      "recall": 0.4,
      "f1-score": 0.5161290322580645,
      "support": 20.0
    },
    "자다": {
      "precision": 0.75,
      "recall": 0.7,
      "f1-score": 0.7241379310344827,
      "support": 30.0
    },
    "accuracy": 0.6266666666666667,
    "macro avg": {
      "precision": 0.6515560542398777,
      "recall": 0.609375,
      "f1-score": 0.6045415182653044,
      "support": 150.0
    },
    "weighted avg": {
      "precision": 0.6551186656480774,
      "recall": 0.6266666666666667,
      "f1-score": 0.6219109978918262,
      "support": 150.0
    }
  },
  "predictions_csv": "team_handover_outputs\\FILE01_16_FULL_VALIDATION_EVAL\\lstm_validation_full_predictions.csv"
}